date,rate
2015-09-14,1.5789
2015-09-15,1.5752
2015-09-16,1.5759
2015-09-17,1.5699
2015-09-18,1.5629
2015-09-21,1.5807
2015-09-22,1.5902
2015-09-23,1.5944
2015-09-24,1.5772
2015-09-25,1.5655
2015-09-28,1.5828
2015-09-29,1.5734
2015-09-30,1.5645
2015-10-01,1.5605
2015-10-02,1.551
2015-10-05,1.5407
2015-10-06,1.5282
2015-10-07,1.5125
2015-10-08,1.5015
2015-10-09,1.4929
2015-10-12,1.4886
2015-10-13,1.5047
2015-10-14,1.4702
2015-10-15,1.4621
2015-10-16,1.4682
2015-10-19,1.4709
2015-10-20,1.4811
2015-10-21,1.4883
2015-10-22,1.4732
2015-10-23,1.4805
2015-10-26,1.4744
2015-10-27,1.4768
2015-10-28,1.4944
2015-10-29,1.4934
2015-10-30,1.475
2015-11-02,1.4823
2015-11-03,1.5017
2015-11-04,1.5166
2015-11-05,1.5121
2015-11-06,1.5318
2015-11-09,1.5306
2015-11-10,1.5292
2015-11-11,1.5228
2015-11-12,1.5278
2015-11-13,1.5283
2015-11-16,1.542
2015-11-17,1.5433
2015-11-18,1.5441
2015-11-19,1.5237
2015-11-20,1.5229
2015-11-23,1.5345
2015-11-24,1.5248
2015-11-25,1.5189
2015-11-26,1.5236
2015-11-27,1.5301
2015-11-30,1.5175
2015-12-01,1.499
2015-12-02,1.5052
2015-12-03,1.4988
2015-12-04,1.4817
2015-12-07,1.5056
2015-12-08,1.5022
2015-12-09,1.4834
2015-12-10,1.4835
2015-12-11,1.4883
2015-12-14,1.4783
2015-12-15,1.4757
2015-12-16,1.4782
2015-12-17,1.4947
2015-12-18,1.4858
2015-12-21,1.4772
2015-12-22,1.468
2015-12-23,1.4721
2015-12-24,1.4677
2015-12-25,1.4616
2015-12-28,1.4588
2015-12-29,1.4561
2015-12-30,1.4621
2015-12-31,1.4619
2016-01-01,1.4619
2016-01-04,1.4809
2016-01-05,1.491
2016-01-06,1.5061
2016-01-07,1.5084
2016-01-08,1.5273
2016-01-11,1.5232
2016-01-12,1.5304
2016-01-13,1.5379
2016-01-14,1.5441
2016-01-15,1.5461
2016-01-18,1.5489
2016-01-19,1.5627
2016-01-20,1.5533
2016-01-21,1.5323
2016-01-22,1.5394
2016-01-25,1.549
2016-01-26,1.5399
2016-01-27,1.5539
2016-01-28,1.5431
2016-01-29,1.5417
2016-02-01,1.5289
2016-02-02,1.5327
2016-02-03,1.5017
2016-02-04,1.4891
2016-02-05,1.5087
2016-02-08,1.5103
2016-02-09,1.5064
2016-02-10,1.4974
2016-02-11,1.4841
2016-02-12,1.5082
2016-02-15,1.5062
2016-02-16,1.5205
2016-02-17,1.5071
2016-02-18,1.5059
2016-02-19,1.5073
2016-02-22,1.4923
2016-02-23,1.5065
2016-02-24,1.5024
2016-02-25,1.4866
2016-02-26,1.5078
2016-02-29,1.5127
2016-03-01,1.5061
2016-03-02,1.4996
2016-03-03,1.4878
2016-03-04,1.4666
2016-03-07,1.4718
2016-03-08,1.4835
2016-03-09,1.5062
2016-03-10,1.4995
2016-03-11,1.4817
2016-03-14,1.4989
2016-03-15,1.5122
2016-03-16,1.4847
2016-03-17,1.4641
2016-03-18,1.4708
2016-03-21,1.4765
2016-03-22,1.4819
2016-03-23,1.4891
2016-03-24,1.4926
2016-03-25,1.4952
2016-03-28,1.4856
2016-03-29,1.4582
2016-03-30,1.4469
2016-03-31,1.4443
2016-04-01,1.4475
2016-04-04,1.4683
2016-04-05,1.4696
2016-04-06,1.4646
2016-04-07,1.4748
2016-04-08,1.4688
2016-04-11,1.4581
2016-04-12,1.4441
2016-04-13,1.4458
2016-04-14,1.4586
2016-04-15,1.4445
2016-04-18,1.4374
2016-04-19,1.4192
2016-04-20,1.4331
2016-04-21,1.4458
2016-04-22,1.4588
2016-04-25,1.4569
2016-04-26,1.4493
2016-04-27,1.4435
2016-04-28,1.4365
2016-04-29,1.4321
2016-05-02,1.421
2016-05-03,1.4413
2016-05-04,1.4518
2016-05-05,1.4524
2016-05-06,1.4618
2016-05-09,1.4761
2016-05-10,1.4735
2016-05-11,1.4665
2016-05-12,1.4644
2016-05-13,1.477
2016-05-16,1.4726
2016-05-17,1.47
2016-05-18,1.4809
2016-05-19,1.48
2016-05-20,1.4784
2016-05-23,1.4794
2016-05-24,1.4785
2016-05-25,1.4875
2016-05-26,1.4811
2016-05-27,1.4933
2016-05-30,1.4925
2016-05-31,1.4714
2016-06-01,1.4653
2016-06-02,1.4688
2016-06-03,1.4374
2016-06-06,1.4466
2016-06-07,1.4339
2016-06-08,1.4117
2016-06-09,1.4048
2016-06-10,1.4161
2016-06-13,1.4189
2016-06-14,1.4314
2016-06-15,1.4118
2016-06-16,1.4187
2016-06-17,1.4174
2016-06-20,1.407
2016-06-21,1.4028
2016-06-22,1.3932
2016-06-23,1.3842
2016-06-24,1.4027
2016-06-27,1.4261
2016-06-28,1.4169
2016-06-29,1.4051
2016-06-30,1.4009
2016-07-01,1.3941
2016-07-04,1.3838
2016-07-05,1.4013
2016-07-06,1.403
2016-07-07,1.3844
2016-07-08,1.3681
2016-07-11,1.3824
2016-07-12,1.3708
2016-07-13,1.3734
2016-07-14,1.3911
2016-07-15,1.4052
2016-07-18,1.4162
2016-07-19,1.4171
2016-07-20,1.4341
2016-07-21,1.4257
2016-07-22,1.4284
2016-07-25,1.4276
2016-07-26,1.4147
2016-07-27,1.4151
2016-07-28,1.4106
2016-07-29,1.3867
2016-08-01,1.3947
2016-08-02,1.3839
2016-08-03,1.3981
2016-08-04,1.3939
2016-08-05,1.3991
2016-08-08,1.3994
2016-08-09,1.3944
2016-08-10,1.3738
2016-08-11,1.3866
2016-08-12,1.3891
2016-08-15,1.3842
2016-08-16,1.3704
2016-08-17,1.376
2016-08-18,1.3725
2016-08-19,1.3744
2016-08-22,1.3721
2016-08-23,1.3732
2016-08-24,1.366
2016-08-25,1.3693
2016-08-26,1.3807
2016-08-29,1.378
2016-08-30,1.3833
2016-08-31,1.3791
2016-09-01,1.3721
2016-09-02,1.3706
2016-09-05,1.3678
2016-09-06,1.3506
2016-09-07,1.3409
2016-09-08,1.3504
2016-09-09,1.366
2016-09-12,1.359
2016-09-13,1.3806
2016-09-14,1.3749
2016-09-15,1.3638
2016-09-16,1.3762
2016-09-19,1.3696
2016-09-20,1.3663
2016-09-21,1.3608
2016-09-22,1.3676
2016-09-23,1.3801
2016-09-26,1.3745
2016-09-27,1.3686
2016-09-28,1.3736
2016-09-29,1.3782
2016-09-30,1.3716
2016-10-03,1.3716
2016-10-04,1.3887
2016-10-05,1.3958
2016-10-06,1.3959
2016-10-07,1.394
2016-10-10,1.4006
2016-10-11,1.413
2016-10-12,1.4174
2016-10-13,1.4094
2016-10-14,1.4109
2016-10-17,1.3952
2016-10-18,1.389
2016-10-19,1.3812
2016-10-20,1.3902
2016-10-21,1.3957
2016-10-24,1.4052
2016-10-25,1.3952
2016-10-26,1.3977
2016-10-27,1.4043
2016-10-28,1.3954
2016-10-31,1.3981
2016-11-01,1.3865
2016-11-02,1.3719
2016-11-03,1.3636
2016-11-04,1.3641
2016-11-07,1.3608
2016-11-08,1.3576
2016-11-09,1.3709
2016-11-10,1.3853
2016-11-11,1.405
2016-11-14,1.4045
2016-11-15,1.4087
2016-11-16,1.4109
2016-11-17,1.4229
2016-11-18,1.426
2016-11-21,1.4137
2016-11-22,1.4154
2016-11-23,1.4263
2016-11-24,1.4268
2016-11-25,1.4195
2016-11-28,1.4118
2016-11-29,1.4018
2016-11-30,1.4105
2016-12-01,1.4105
2016-12-02,1.4003
2016-12-05,1.3999
2016-12-06,1.4041
2016-12-07,1.3929
2016-12-08,1.3938
2016-12-09,1.4009
2016-12-12,1.3886
2016-12-13,1.3883
2016-12-14,1.4063
2016-12-15,1.4196
2016-12-16,1.436
2016-12-19,1.4432
2016-12-20,1.4431
2016-12-21,1.4476
2016-12-22,1.4479
2016-12-23,1.453
2016-12-26,1.449
2016-12-27,1.4504
2016-12-28,1.4431
2016-12-29,1.4361
2016-12-30,1.4431
2017-01-02,1.4429
2017-01-03,1.4446
2017-01-04,1.4354
2017-01-05,1.4245
2017-01-06,1.4364
2017-01-09,1.4247
2017-01-10,1.4305
2017-01-11,1.4162
2017-01-12,1.4067
2017-01-13,1.4025
2017-01-16,1.4079
2017-01-17,1.3863
2017-01-18,1.4018
2017-01-19,1.3922
2017-01-20,1.3943
2017-01-23,1.3764
2017-01-24,1.3782
2017-01-25,1.3693
2017-01-26,1.3806
2017-01-27,1.3762
2017-01-30,1.3725
2017-01-31,1.3691
2017-02-01,1.3773
2017-02-02,1.3718
2017-02-03,1.3664
2017-02-06,1.3657
2017-02-07,1.3698
2017-02-08,1.3791
2017-02-09,1.3918
2017-02-10,1.3879
2017-02-13,1.393
2017-02-14,1.3941
2017-02-15,1.3846
2017-02-16,1.3855
2017-02-17,1.3919
2017-02-20,1.3914
2017-02-21,1.3965
2017-02-22,1.3912
2017-02-23,1.3826
2017-02-24,1.3884
2017-02-27,1.3907
2017-02-28,1.3917
2017-03-01,1.3985
2017-03-02,1.4157
2017-03-03,1.4186
2017-03-06,1.43
2017-03-07,1.4368
2017-03-08,1.447
2017-03-09,1.4493
2017-03-10,1.4443
2017-03-13,1.4452
2017-03-14,1.444
2017-03-15,1.4256
2017-03-16,1.4316
2017-03-17,1.4254
2017-03-20,1.4181
2017-03-21,1.4192
2017-03-22,1.4184
2017-03-23,1.4227
2017-03-24,1.4226
2017-03-27,1.4186
2017-03-28,1.4259
2017-03-29,1.4211
2017-03-30,1.4283
2017-03-31,1.4269
2017-04-03,1.4251
2017-04-04,1.4329
2017-04-05,1.4328
2017-04-06,1.4344
2017-04-07,1.4413
2017-04-10,1.4347
2017-04-11,1.4373
2017-04-12,1.4322
2017-04-13,1.4277
2017-04-14,1.4267
2017-04-17,1.4254
2017-04-18,1.419
2017-04-19,1.4208
2017-04-20,1.4281
2017-04-21,1.4215
2017-04-24,1.4249
2017-04-25,1.4378
2017-04-26,1.4498
2017-04-27,1.4525
2017-04-28,1.4557
2017-05-01,1.4461
2017-05-02,1.4347
2017-05-03,1.4506
2017-05-04,1.455
2017-05-05,1.445
2017-05-08,1.4454
2017-05-09,1.4493
2017-05-10,1.4633
2017-05-11,1.4605
2017-05-12,1.4556
2017-05-15,1.4513
2017-05-16,1.4511
2017-05-17,1.4399
2017-05-18,1.4497
2017-05-19,1.4439
2017-05-22,1.4284
2017-05-23,1.4246
2017-05-24,1.4191
2017-05-25,1.4238
2017-05-26,1.4152
2017-05-29,1.418
2017-05-30,1.4104
2017-05-31,1.4123
2017-06-01,1.4146
2017-06-02,1.399
2017-06-05,1.401
2017-06-06,1.3915
2017-06-07,1.3891
2017-06-08,1.3879
2017-06-09,1.386
2017-06-12,1.388
2017-06-13,1.3861
2017-06-14,1.3787
2017-06-15,1.3866
2017-06-16,1.3787
2017-06-19,1.384
2017-06-20,1.3799
2017-06-21,1.3809
2017-06-22,1.3756
2017-06-23,1.3723
2017-06-26,1.3739
2017-06-27,1.3745
2017-06-28,1.3684
2017-06-29,1.3692
2017-06-30,1.3636
2017-07-03,1.3718
2017-07-04,1.3719
2017-07-05,1.3717
2017-07-06,1.3739
2017-07-07,1.3729
2017-07-10,1.3776
2017-07-11,1.3835
2017-07-12,1.3777
2017-07-13,1.3655
2017-07-14,1.3604
2017-07-17,1.3749
2017-07-18,1.3611
2017-07-19,1.3581
2017-07-20,1.3504
2017-07-21,1.3407
2017-07-24,1.3444
2017-07-25,1.3473
2017-07-26,1.3285
2017-07-27,1.3336
2017-07-28,1.3306
2017-07-31,1.3316
2017-08-01,1.3471
2017-08-02,1.3472
2017-08-03,1.3435
2017-08-04,1.3484
2017-08-07,1.3591
2017-08-08,1.3636
2017-08-09,1.3585
2017-08-10,1.376
2017-08-11,1.3659
2017-08-14,1.3712
2017-08-15,1.3817
2017-08-16,1.3674
2017-08-17,1.3722
2017-08-18,1.3674
2017-08-21,1.3646
2017-08-22,1.373
2017-08-23,1.382
2017-08-24,1.3875
2017-08-25,1.3806
2017-08-28,1.3825
2017-08-29,1.3766
2017-08-30,1.3873
2017-08-31,1.393
2017-09-01,1.3971
2017-09-04,1.3949
2017-09-05,1.3788
2017-09-06,1.3883
2017-09-07,1.3827
2017-09-08,1.3761
2017-09-11,1.376
2017-09-12,1.3718
2017-09-13,1.3789
2017-09-14,1.3824
2017-09-15,1.3701
2017-09-18,1.3772
2017-09-19,1.3657
2017-09-20,1.3595
2017-09-21,1.3684
2017-09-22,1.3634
2017-09-25,1.3767
2017-09-26,1.3864
2017-09-27,1.3877
2017-09-28,1.3819
2017-09-29,1.3869
2017-10-02,1.3891
2017-10-03,1.397
2017-10-04,1.3959
2017-10-05,1.4052
2017-10-06,1.4104
2017-10-09,1.4158
2017-10-10,1.4134
2017-10-11,1.4085
2017-10-12,1.4004
2017-10-13,1.393
2017-10-16,1.3907
2017-10-17,1.3938
2017-10-18,1.3967
2017-10-19,1.4229
2017-10-20,1.4355
2017-10-23,1.4325
2017-10-24,1.4477
2017-10-25,1.4518
2017-10-26,1.462
2017-10-27,1.4534
2017-10-30,1.4542
2017-10-31,1.4488
2017-11-01,1.4514
2017-11-02,1.4464
2017-11-03,1.4473
2017-11-06,1.4398
2017-11-07,1.4461
2017-11-08,1.4347
2017-11-09,1.4419
2017-11-10,1.4424
2017-11-13,1.4491
2017-11-14,1.4546
2017-11-15,1.4544
2017-11-16,1.4589
2017-11-17,1.4664
2017-11-20,1.4681
2017-11-21,1.4644
2017-11-22,1.4536
2017-11-23,1.4515
2017-11-24,1.4534
2017-11-27,1.4444
2017-11-28,1.449
2017-11-29,1.4518
2017-11-30,1.466
2017-12-01,1.4511
2017-12-04,1.4572
2017-12-05,1.4536
2017-12-06,1.4539
2017-12-07,1.4636
2017-12-08,1.4621
2017-12-11,1.447
2017-12-12,1.442
2017-12-13,1.4243
2017-12-14,1.4322
2017-12-15,1.429
2017-12-18,1.4295
2017-12-19,1.4325
2017-12-20,1.4268
2017-12-21,1.4244
2017-12-22,1.4236
2017-12-25,1.4235
2017-12-26,1.4213
2017-12-27,1.4157
2017-12-28,1.4108
2017-12-29,1.4088
2018-01-01,1.408
2018-01-02,1.4079
2018-01-03,1.4099
2018-01-04,1.3971
2018-01-05,1.3947
2018-01-08,1.3944
2018-01-09,1.3972
2018-01-10,1.3881
2018-01-11,1.3758
2018-01-12,1.3794
2018-01-15,1.3697
2018-01-16,1.376
2018-01-17,1.3765
2018-01-18,1.3692
2018-01-19,1.3737
2018-01-22,1.3647
2018-01-23,1.3598
2018-01-24,1.3627
2018-01-25,1.3705
2018-01-26,1.359
2018-01-29,1.3653
2018-01-30,1.364
2018-01-31,1.3563
2018-02-01,1.3518
2018-02-02,1.3681
2018-02-05,1.3741
2018-02-06,1.3608
2018-02-07,1.3833
2018-02-08,1.3854
2018-02-09,1.3778
2018-02-12,1.3766
2018-02-13,1.3742
2018-02-14,1.3567
2018-02-15,1.3523
2018-02-16,1.3537
2018-02-19,1.3556
2018-02-20,1.3614
2018-02-21,1.3678
2018-02-22,1.3617
2018-02-23,1.37
2018-02-26,1.3698
2018-02-27,1.3813
2018-02-28,1.3873
2018-03-01,1.376
2018-03-02,1.3816
2018-03-05,1.3837
2018-03-06,1.3717
2018-03-07,1.374
2018-03-08,1.3764
2018-03-09,1.3722
2018-03-12,1.3703
2018-03-13,1.3649
2018-03-14,1.3668
2018-03-15,1.3742
2018-03-16,1.3852
2018-03-19,1.3807
2018-03-20,1.3925
2018-03-21,1.3837
2018-03-22,1.3844
2018-03-23,1.3814
2018-03-26,1.3699
2018-03-27,1.3763
2018-03-28,1.387
2018-03-29,1.3819
2018-03-30,1.3801
2018-04-02,1.3865
2018-04-03,1.3768
2018-04-04,1.366
2018-04-05,1.3746
2018-04-06,1.375
2018-04-09,1.3685
2018-04-10,1.3566
2018-04-11,1.3578
2018-04-12,1.3551
2018-04-13,1.3591
2018-04-16,1.3571
2018-04-17,1.3613
2018-04-18,1.364
2018-04-19,1.3759
2018-04-20,1.3871
2018-04-23,1.3972
2018-04-24,1.4057
2018-04-25,1.4143
2018-04-26,1.4164
2018-04-27,1.4115
2018-04-30,1.4212
2018-05-01,1.4292
2018-05-02,1.4291
2018-05-03,1.4197
2018-05-04,1.4241
2018-05-07,1.4244
2018-05-08,1.4358
2018-05-09,1.4403
2018-05-10,1.434
2018-05-11,1.4347
2018-05-14,1.4456
2018-05-15,1.4569
2018-05-16,1.4471
2018-05-17,1.4527
2018-05-18,1.4475
2018-05-21,1.4369
2018-05-22,1.44
2018-05-23,1.4432
2018-05-24,1.4417
2018-05-25,1.4449
2018-05-28,1.4406
2018-05-29,1.4493
2018-05-30,1.4308
2018-05-31,1.4262
2018-06-01,1.4319
2018-06-04,1.4216
2018-06-05,1.4225
2018-06-06,1.4207
2018-06-07,1.423
2018-06-08,1.4211
2018-06-11,1.4243
2018-06-12,1.4276
2018-06-13,1.4228
2018-06-14,1.4337
2018-06-15,1.4391
2018-06-18,1.4418
2018-06-19,1.4496
2018-06-20,1.4568
2018-06-21,1.4544
2018-06-22,1.447
2018-06-25,1.45
2018-06-26,1.4578
2018-06-27,1.4691
2018-06-28,1.4806
2018-06-29,1.4772
2018-07-02,1.4899
2018-07-03,1.4794
2018-07-04,1.4784
2018-07-05,1.4715
2018-07-06,1.462
2018-07-09,1.4616
2018-07-10,1.4659
2018-07-11,1.4803
2018-07-12,1.4766
2018-07-13,1.4776
2018-07-16,1.4749
2018-07-17,1.4758
2018-07-18,1.4713
2018-07-19,1.4822
2018-07-20,1.468
2018-07-23,1.4732
2018-07-24,1.47
2018-07-25,1.4622
2018-07-26,1.4738
2018-07-27,1.4724
2018-07-30,1.4644
2018-07-31,1.4684
2018-08-01,1.4711
2018-08-02,1.4837
2018-08-03,1.4828
2018-08-06,1.4857
2018-08-07,1.484
2018-08-08,1.489
2018-08-09,1.5131
2018-08-10,1.5189
2018-08-13,1.5193
2018-08-14,1.5201
2018-08-15,1.5234
2018-08-16,1.5178
2018-08-17,1.506
2018-08-20,1.5034
2018-08-21,1.4896
2018-08-22,1.492
2018-08-23,1.507
2018-08-24,1.4944
2018-08-27,1.4919
2018-08-28,1.4895
2018-08-29,1.4896
2018-08-30,1.5027
2018-08-31,1.5094
2018-09-03,1.5141
2018-09-04,1.5262
2018-09-05,1.5169
2018-09-06,1.5167
2018-09-07,1.5298
2018-09-10,1.5323
2018-09-11,1.5332
2018-09-12,1.5243
2018-09-13,1.5195
2018-09-14,1.5277
2018-09-17,1.5206
2018-09-18,1.5161
2018-09-19,1.5069
2018-09-20,1.4948
2018-09-21,1.4961
2018-09-24,1.5062
2018-09-25,1.5058
2018-09-26,1.5014
2018-09-27,1.5123
2018-09-28,1.5104
2018-10-01,1.5152
2018-10-02,1.5178
2018-10-03,1.5351
2018-10-04,1.5428
2018-10-05,1.5515
2018-10-08,1.5503
2018-10-09,1.5435
2018-10-10,1.5468
2018-10-11,1.5311
2018-10-12,1.5373
2018-10-15,1.5191
2018-10-16,1.5184
2018-10-17,1.5287
2018-10-18,1.5296
2018-10-19,1.516
2018-10-22,1.5245
2018-10-23,1.5262
2018-10-24,1.5324
2018-10-25,1.531
2018-10-26,1.5327
2018-10-29,1.5327
2018-10-30,1.5249
2018-10-31,1.5321
2018-11-01,1.5054
2018-11-02,1.5008
2018-11-05,1.4996
2018-11-06,1.4847
2018-11-07,1.4739
2018-11-08,1.4804
2018-11-09,1.4826
2018-11-12,1.4897
2018-11-13,1.4774
2018-11-14,1.4712
2018-11-15,1.4641
2018-11-16,1.4534
2018-11-19,1.4616
2018-11-20,1.4736
2018-11-21,1.465
2018-11-22,1.4675
2018-11-23,1.4742
2018-11-26,1.4764
2018-11-27,1.4724
2018-11-28,1.456
2018-11-29,1.4573
2018-11-30,1.4526
2018-12-03,1.4432
2018-12-04,1.4425
2018-12-05,1.4497
2018-12-06,1.4534
2018-12-07,1.4555
2018-12-10,1.4556
2018-12-11,1.4543
2018-12-12,1.4588
2018-12-13,1.458
2018-12-14,1.4706
2018-12-17,1.4695
2018-12-18,1.4596
2018-12-19,1.4744
2018-12-20,1.4763
2018-12-21,1.4899
2018-12-24,1.4833
2018-12-25,1.4859
2018-12-26,1.4854
2018-12-27,1.4923
2018-12-28,1.4888
2018-12-31,1.4877
2019-01-01,1.489
2019-01-02,1.515
2019-01-03,1.4937
2019-01-04,1.4852
2019-01-07,1.48
2019-01-08,1.4869
2019-01-09,1.4729
2019-01-10,1.474
2019-01-11,1.463
2019-01-14,1.4656
2019-01-15,1.4669
2019-01-16,1.4758
2019-01-17,1.4798
2019-01-18,1.4821
2019-01-21,1.4853
2019-01-22,1.4804
2019-01-23,1.4731
2019-01-24,1.4782
2019-01-25,1.4617
2019-01-28,1.464
2019-01-29,1.4636
2019-01-30,1.4511
2019-01-31,1.4453
2019-02-01,1.4492
2019-02-04,1.4519
2019-02-05,1.4498
2019-02-06,1.4772
2019-02-07,1.4827
2019-02-08,1.4819
2019-02-11,1.4857
2019-02-12,1.4841
2019-02-13,1.4702
2019-02-14,1.4622
2019-02-15,1.4562
2019-02-18,1.4588
2019-02-19,1.453
2019-02-20,1.4573
2019-02-21,1.4686
2019-02-22,1.4603
2019-02-25,1.4523
2019-02-26,1.4498
2019-02-27,1.4608
2019-02-28,1.4669
2019-03-01,1.4699
2019-03-04,1.4654
2019-03-05,1.4722
2019-03-06,1.4775
2019-03-07,1.4801
2019-03-08,1.4692
2019-03-11,1.4619
2019-03-12,1.4573
2019-03-13,1.4567
2019-03-14,1.4629
2019-03-15,1.4604
2019-03-18,1.4604
2019-03-19,1.4585
2019-03-20,1.4453
2019-03-21,1.4517
2019-03-22,1.4535
2019-03-25,1.4469
2019-03-26,1.4475
2019-03-27,1.4696
2019-03-28,1.4752
2019-03-29,1.4692
2019-04-01,1.472
2019-04-02,1.4803
2019-04-03,1.4736
2019-04-04,1.4796
2019-04-05,1.4847
2019-04-08,1.4828
2019-04-09,1.4819
2019-04-10,1.4773
2019-04-11,1.4865
2019-04-12,1.4782
2019-04-15,1.4777
2019-04-16,1.491
2019-04-17,1.4867
2019-04-18,1.4949
2019-04-19,1.4949
2019-04-22,1.4958
2019-04-23,1.503
2019-04-24,1.5159
2019-04-25,1.507
2019-04-26,1.5007
2019-04-29,1.4987
2019-04-30,1.5051
2019-05-01,1.5081
2019-05-02,1.5105
2019-05-03,1.5041
2019-05-06,1.5125
2019-05-07,1.5155
2019-05-08,1.518
2019-05-09,1.5177
2019-05-10,1.5149
2019-05-13,1.5221
2019-05-14,1.5203
2019-05-15,1.5226
2019-05-16,1.5295
2019-05-17,1.533
2019-05-20,1.5292
2019-05-21,1.5361
2019-05-22,1.5386
2019-05-23,1.5324
2019-05-24,1.5256
2019-05-27,1.5271
2019-05-28,1.5279
2019-05-29,1.5348
2019-05-30,1.5355
2019-05-31,1.5292
2019-06-03,1.5155
2019-06-04,1.5131
2019-06-05,1.5086
2019-06-06,1.5091
2019-06-07,1.4995
2019-06-10,1.5121
2019-06-11,1.5186
2019-06-12,1.5199
2019-06-13,1.5241
2019-06-14,1.5397
2019-06-17,1.5385
2019-06-18,1.5306
2019-06-19,1.524
2019-06-20,1.5184
2019-06-21,1.5172
2019-06-24,1.5098
2019-06-25,1.5077
2019-06-26,1.4966
2019-06-27,1.4918
2019-06-28,1.4879
2019-07-01,1.4973
2019-07-02,1.4974
2019-07-03,1.4897
2019-07-04,1.4934
2019-07-05,1.5083
2019-07-08,1.5089
2019-07-09,1.5137
2019-07-10,1.503
2019-07-11,1.5001
2019-07-12,1.4938
2019-07-15,1.4873
2019-07-16,1.4919
2019-07-17,1.4848
2019-07-18,1.4768
2019-07-19,1.4788
2019-07-22,1.4795
2019-07-23,1.4915
2019-07-24,1.4921
2019-07-25,1.5006
2019-07-26,1.5065
2019-07-29,1.5071
2019-07-30,1.5113
2019-07-31,1.5237
2019-08-01,1.5263
2019-08-02,1.5294
2019-08-05,1.5207
2019-08-06,1.5312
2019-08-07,1.5505
2019-08-08,1.5411
2019-08-09,1.5458
2019-08-12,1.5516
2019-08-13,1.5476
2019-08-14,1.5519
2019-08-15,1.5529
2019-08-16,1.5548
2019-08-19,1.5596
2019-08-20,1.5587
2019-08-21,1.5611
2019-08-22,1.5692
2019-08-23,1.561
2019-08-26,1.5647
2019-08-27,1.5712
2019-08-28,1.5775
2019-08-29,1.5836
2019-08-30,1.584
2019-09-02,1.5849
2019-09-03,1.5788
2019-09-04,1.5725
2019-09-05,1.5686
2019-09-06,1.5554
2019-09-09,1.5554
2019-09-10,1.557
2019-09-11,1.5593
2019-09-12,1.5613
2019-09-13,1.5676
2019-09-16,1.5751
2019-09-17,1.5715
2019-09-18,1.5813
2019-09-19,1.587
2019-09-20,1.5973
2019-09-23,1.5884
2019-09-24,1.5809
2019-09-25,1.593
2019-09-26,1.5882
2019-09-27,1.5876
2019-09-30,1.5968
2019-10-01,1.6023
2019-10-02,1.5957
2019-10-03,1.5867
2019-10-04,1.5823
2019-10-07,1.59
2019-10-08,1.5874
2019-10-09,1.5916
2019-10-10,1.5817
2019-10-11,1.5772
2019-10-14,1.5859
2019-10-15,1.5869
2019-10-16,1.5897
2019-10-17,1.5749
2019-10-18,1.5659
2019-10-21,1.5602
2019-10-22,1.5599
2019-10-23,1.5564
2019-10-24,1.5667
2019-10-25,1.5748
2019-10-28,1.5748
2019-10-29,1.5736
2019-10-30,1.5597
2019-10-31,1.5588
2019-11-01,1.5552
2019-11-04,1.5638
2019-11-05,1.5666
2019-11-06,1.5697
2019-11-07,1.5713
2019-11-08,1.5792
2019-11-11,1.5717
2019-11-12,1.5783
2019-11-13,1.5589
2019-11-14,1.5676
2019-11-15,1.5616
2019-11-18,1.5622
2019-11-19,1.5548
2019-11-20,1.5596
2019-11-21,1.5616
2019-11-22,1.5606
2019-11-25,1.557
2019-11-26,1.5555
2019-11-27,1.5568
2019-11-28,1.5578
2019-11-29,1.5565
2019-12-02,1.5386
2019-12-03,1.5336
2019-12-04,1.5319
2019-12-05,1.5277
2019-12-06,1.5231
2019-12-09,1.5274
2019-12-10,1.5287
2019-12-11,1.5181
2019-12-12,1.5102
2019-12-13,1.5149
2019-12-16,1.5161
2019-12-17,1.5219
2019-12-18,1.5196
2019-12-19,1.5127
2019-12-20,1.5138
2019-12-23,1.5069
2019-12-24,1.5064
2019-12-25,1.5072
2019-12-26,1.4991
2019-12-27,1.492
2019-12-30,1.4865
2019-12-31,1.4874
2020-01-01,1.4851
2020-01-02,1.4924
2020-01-03,1.4999
2020-01-06,1.499
2020-01-07,1.505
2020-01-08,1.5039
2020-01-09,1.5122
2020-01-10,1.5067
2020-01-13,1.5077
2020-01-14,1.5121
2020-01-15,1.5103
2020-01-16,1.5071
2020-01-17,1.5117
2020-01-20,1.5125
2020-01-21,1.5158
2020-01-22,1.5165
2020-01-23,1.5104
2020-01-24,1.5126
2020-01-27,1.528
2020-01-28,1.5277
2020-01-29,1.5314
2020-01-30,1.5398
2020-01-31,1.5466
2020-02-03,1.547
2020-02-04,1.5378
2020-02-05,1.5432
2020-02-06,1.5475
2020-02-07,1.5614
2020-02-10,1.5659
2020-02-11,1.5612
2020-02-12,1.547
2020-02-13,1.5527
2020-02-14,1.5536
2020-02-17,1.5525
2020-02-18,1.5654
2020-02-19,1.5656
2020-02-20,1.5782
2020-02-21,1.5738
2020-02-24,1.5778
2020-02-25,1.5814
2020-02-26,1.5894
2020-02-27,1.5842
2020-02-28,1.6003
2020-03-02,1.599
2020-03-03,1.5947
2020-03-04,1.5887
2020-03-05,1.5868
2020-03-06,1.5727
2020-03-09,1.5734
2020-03-10,1.5922
2020-03-11,1.596
2020-03-12,1.631
2020-03-13,1.6478
2020-03-16,1.652
2020-03-17,1.6831
2020-03-18,1.7422
2020-03-19,1.78
2020-03-20,1.7508
2020-03-23,1.7509
2020-03-24,1.7133
2020-03-25,1.7232
2020-03-26,1.6828
2020-03-27,1.656
2020-03-30,1.6612
2020-03-31,1.686
2020-04-01,1.6871
2020-04-02,1.6895
2020-04-03,1.706
2020-04-06,1.6867
2020-04-07,1.6741
2020-04-08,1.6625
2020-04-09,1.6445
2020-04-10,1.6448
2020-04-13,1.6387
2020-04-14,1.6375
2020-04-15,1.6696
2020-04-16,1.6695
2020-04-17,1.6571
2020-04-20,1.6545
2020-04-21,1.6784
2020-04-22,1.6801
2020-04-23,1.6635
2020-04-24,1.6609
2020-04-27,1.6567
2020-04-28,1.6494
2020-04-29,1.6295
2020-04-30,1.635
2020-05-01,1.6491
2020-05-04,1.6531
2020-05-05,1.6489
2020-05-06,1.6666
2020-05-07,1.6399
2020-05-08,1.6291
2020-05-11,1.6454
2020-05-12,1.6425
2020-05-13,1.6678
2020-05-14,1.6662
2020-05-15,1.6846
2020-05-18,1.6539
2020-05-19,1.6449
2020-05-20,1.6259
2020-05-21,1.6318
2020-05-22,1.6401
2020-05-25,1.639
2020-05-26,1.6131
2020-05-27,1.6166
2020-05-28,1.612
2020-05-29,1.6103
2020-06-01,1.5889
2020-06-02,1.5704
2020-06-03,1.555
2020-06-04,1.5461
2020-06-05,1.5371
2020-06-08,1.5236
2020-06-09,1.536
2020-06-10,1.5315
2020-06-11,1.5573
2020-06-12,1.5497
2020-06-15,1.539
2020-06-16,1.5502
2020-06-17,1.548
2020-06-18,1.5544
2020-06-19,1.5602
2020-06-22,1.5404
2020-06-23,1.5392
2020-06-24,1.5605
2020-06-25,1.554
2020-06-26,1.5566
2020-06-29,1.5554
2020-06-30,1.5495
2020-07-01,1.5425
2020-07-02,1.5351
2020-07-03,1.5298
2020-07-06,1.5248
2020-07-07,1.5268
2020-07-08,1.5208
2020-07-09,1.5217
2020-07-10,1.5212
2020-07-13,1.5284
2020-07-14,1.528
2020-07-15,1.5205
2020-07-16,1.5291
2020-07-17,1.5249
2020-07-20,1.5203
2020-07-21,1.5045
2020-07-22,1.5013
2020-07-23,1.506
2020-07-24,1.5052
2020-07-27,1.4944
2020-07-28,1.5016
2020-07-29,1.4995
2020-07-30,1.4931
2020-07-31,1.5082
2020-08-03,1.5119
2020-08-04,1.5056
2020-08-05,1.5032
2020-08-06,1.4951
2020-08-07,1.5152
2020-08-10,1.517
2020-08-11,1.5217
2020-08-12,1.5198
2020-08-13,1.5265
2020-08-14,1.5276
2020-08-17,1.5252
2020-08-18,1.5139
2020-08-19,1.5236
2020-08-20,1.5294
2020-08-21,1.5277
2020-08-24,1.5315
2020-08-25,1.5273
2020-08-26,1.5087
2020-08-27,1.5055
2020-08-28,1.4825
2020-08-31,1.4842
2020-09-01,1.4786
2020-09-02,1.4773
2020-09-03,1.4903
2020-09-04,1.4875
2020-09-07,1.4933
2020-09-08,1.5121
2020-09-09,1.4967
2020-09-10,1.5043
2020-09-11,1.4994
2020-09-14,1.4918
2020-09-15,1.4893
2020-09-16,1.4851
2020-09-17,1.4816
2020-09-18,1.4786
2020-09-21,1.4997
2020-09-22,1.5079
2020-09-23,1.5251
2020-09-24,1.5267
2020-09-25,1.5276
2020-09-28,1.5255
2020-09-29,1.5175
2020-09-30,1.511
2020-10-01,1.5025
2020-10-02,1.5062
2020-10-05,1.5054
2020-10-06,1.5178
2020-10-07,1.5192
2020-10-08,1.5181
2020-10-09,1.4983
2020-10-12,1.5034
2020-10-13,1.5031
2020-10-14,1.5008
2020-10-15,1.5145
2020-10-16,1.5137
2020-10-19,1.5138
2020-10-20,1.5196
2020-10-21,1.5028
2020-10-22,1.4991
2020-10-23,1.4944
2020-10-26,1.4977
2020-10-27,1.4902
2020-10-28,1.5046
2020-10-29,1.5078
2020-10-30,1.5117
2020-11-02,1.5066
2020-11-03,1.492
2020-11-04,1.4929
2020-11-05,1.4761
2020-11-06,1.476
2020-11-09,1.466
2020-11-10,1.4634
2020-11-11,1.4525
2020-11-12,1.4613
2020-11-13,1.46
2020-11-16,1.4479
2020-11-17,1.4506
2020-11-18,1.4437
2020-11-19,1.4447
2020-11-20,1.4424
2020-11-23,1.4439
2020-11-24,1.4327
2020-11-25,1.4266
2020-11-26,1.4269
2020-11-27,1.4233
2020-11-30,1.4256
2020-12-01,1.4147
2020-12-02,1.4141
2020-12-03,1.4122
2020-12-04,1.4196
2020-12-07,1.4193
2020-12-08,1.4192
2020-12-09,1.4231
2020-12-10,1.4084
2020-12-11,1.4108
2020-12-14,1.4117
2020-12-15,1.4103
2020-12-16,1.4052
2020-12-17,1.3977
2020-12-18,1.4003
2020-12-21,1.4078
2020-12-22,1.4196
2020-12-23,1.4087
2020-12-24,1.4068
2020-12-25,1.4033
2020-12-28,1.4075
2020-12-29,1.3982
2020-12-30,1.3874
2020-12-31,1.3919
2021-01-01,1.3916
2021-01-04,1.393
2021-01-05,1.3785
2021-01-06,1.3702
2021-01-07,1.3776
2021-01-08,1.381
2021-01-11,1.3957
2021-01-12,1.3832
2021-01-13,1.3918
2021-01-14,1.3835
2021-01-15,1.4019
2021-01-18,1.4058
2021-01-19,1.4045
2021-01-20,1.3939
2021-01-21,1.3848
2021-01-22,1.3922
2021-01-25,1.3889
2021-01-26,1.3808
2021-01-27,1.3962
2021-01-28,1.3934
2021-01-29,1.3917
2021-02-01,1.3966
2021-02-02,1.3897
2021-02-03,1.3866
2021-02-04,1.3968
2021-02-05,1.3879
2021-02-08,1.3844
2021-02-09,1.3807
2021-02-10,1.3857
2021-02-11,1.3827
2021-02-12,1.3848
2021-02-15,1.3831
2021-02-16,1.3867
2021-02-17,1.3904
2021-02-18,1.3843
2021-02-19,1.3702
2021-02-22,1.3639
2021-02-23,1.3612
2021-02-24,1.3433
2021-02-25,1.3564
2021-02-26,1.3819
2021-03-01,1.3759
2021-03-02,1.3708
2021-03-03,1.3795
2021-03-04,1.3907
2021-03-05,1.3956
2021-03-08,1.4034
2021-03-09,1.3931
2021-03-10,1.3891
2021-03-11,1.3828
2021-03-12,1.3925
2021-03-15,1.3885
2021-03-16,1.3904
2021-03-17,1.3825
2021-03-18,1.3948
2021-03-19,1.3952
2021-03-22,1.3967
2021-03-23,1.4269
2021-03-24,1.4349
2021-03-25,1.4371
2021-03-26,1.4281
2021-03-29,1.4287
2021-03-30,1.4318
2021-03-31,1.4318
2021-04-01,1.4235
2021-04-02,1.4216
2021-04-05,1.4159
2021-04-06,1.416
2021-04-07,1.4262
2021-04-08,1.4164
2021-04-09,1.4218
2021-04-12,1.4216
2021-04-13,1.4171
2021-04-14,1.4005
2021-04-15,1.3937
2021-04-16,1.3995
2021-04-19,1.3931
2021-04-20,1.3938
2021-04-21,1.387
2021-04-22,1.3958
2021-04-23,1.3888
2021-04-26,1.3816
2021-04-27,1.3869
2021-04-28,1.377
2021-04-29,1.3799
2021-04-30,1.3957
2021-05-03,1.3879
2021-05-04,1.3981
2021-05-05,1.3859
2021-05-06,1.3826
2021-05-07,1.373
2021-05-10,1.3761
2021-05-11,1.3739
2021-05-12,1.3957
2021-05-13,1.3911
2021-05-14,1.3782
2021-05-17,1.386
2021-05-18,1.3802
2021-05-19,1.3937
2021-05-20,1.3888
2021-05-21,1.3937
2021-05-24,1.3857
2021-05-25,1.3828
2021-05-26,1.3721
2021-05-27,1.3702
2021-05-28,1.3789
2021-05-31,1.3741
2021-06-01,1.3777
2021-06-02,1.381
2021-06-03,1.3989
2021-06-04,1.3857
2021-06-07,1.3829
2021-06-08,1.3894
2021-06-09,1.3927
2021-06-10,1.3891
2021-06-11,1.4026
2021-06-14,1.399
2021-06-15,1.403
2021-06-16,1.4167
2021-06-17,1.4272
2021-06-18,1.4415
2021-06-21,1.4294
2021-06-22,1.4231
2021-06-23,1.419
2021-06-24,1.416
2021-06-25,1.4146
2021-06-28,1.4195
2021-06-29,1.4288
2021-06-30,1.4298
2021-07-01,1.4346
2021-07-02,1.4223
2021-07-05,1.4233
2021-07-06,1.425
2021-07-07,1.4249
2021-07-09,1.4301
2021-07-12,1.4306
2021-07-13,1.4385
2021-07-14,1.4201
2021-07-15,1.4315
2021-07-16,1.4282
2021-07-19,1.4394
2021-07-20,1.4445
2021-07-21,1.4343
2021-07-22,1.4323
2021-07-23,1.4336
2021-07-26,1.428
2021-07-27,1.4362
2021-07-28,1.4362
2021-07-29,1.4263
2021-07-30,1.433
2021-08-02,1.4341
2021-08-03,1.4242
2021-08-04,1.4193
2021-08-05,1.4166
2021-08-06,1.426
2021-08-09,1.4292
2021-08-10,1.4261
2021-08-11,1.4192
2021-08-12,1.4274
2021-08-13,1.4202
2021-08-16,1.4237
2021-08-17,1.4446
2021-08-18,1.4519
2021-08-19,1.4631
2021-08-20,1.4625
2021-08-23,1.4513
2021-08-24,1.438
2021-08-25,1.4331
2021-08-26,1.4386
2021-08-27,1.4257
2021-08-30,1.4287
2021-08-31,1.4188
2021-09-01,1.4143
2021-09-02,1.4053
2021-09-03,1.3977
2021-09-06,1.4006
2021-09-07,1.4081
2021-09-08,1.4069
2021-09-09,1.4061
2021-09-10,1.4053
2021-09-13,1.4041
2021-09-14,1.4081
2021-09-15,1.406
2021-09-16,1.4136
2021-09-17,1.4203
2021-09-20,1.4228
2021-09-21,1.4269
2021-09-22,1.4284
2021-09-23,1.4145
2021-09-24,1.4252
2021-09-27,1.4252
2021-09-28,1.4367
2021-09-29,1.4548
2021-09-30,1.4487
2021-10-01,1.4394
2021-10-04,1.4349
2021-10-05,1.4351
2021-10-06,1.4459
2021-10-07,1.4423
2021-10-08,1.4422
2021-10-11,1.4413
2021-10-12,1.4423
2021-10-13,1.4354
2021-10-14,1.4214
2021-10-15,1.413
2021-10-18,1.4113
2021-10-19,1.398
2021-10-20,1.389
2021-10-21,1.3968
2021-10-22,1.3971
2021-10-25,1.3956
2021-10-26,1.3964
2021-10-27,1.3943
2021-10-28,1.3884
2021-10-29,1.395
2021-11-01,1.3909
2021-11-02,1.4035
2021-11-03,1.3964
2021-11-04,1.4069
2021-11-05,1.4046
2021-11-08,1.395
2021-11-09,1.4022
2021-11-10,1.4163
2021-11-11,1.4238
2021-11-12,1.4194
2021-11-15,1.4194
2021-11-16,1.4297
2021-11-17,1.4285
2021-11-18,1.4184
2021-11-19,1.4265
2021-11-22,1.437
2021-11-23,1.4384
2021-11-24,1.4542
2021-11-25,1.4573
2021-11-26,1.4656
2021-11-29,1.4648
2021-11-30,1.4646
2021-12-01,1.4682
2021-12-02,1.4659
2021-12-03,1.4815
2021-12-06,1.48
2021-12-07,1.4723
2021-12-08,1.4681
2021-12-09,1.4708
2021-12-10,1.4707
2021-12-13,1.48
2021-12-14,1.4824
2021-12-15,1.473
2021-12-16,1.47
2021-12-17,1.4839
2021-12-20,1.4889
2021-12-21,1.476
2021-12-22,1.4676
2021-12-23,1.4646
2021-12-24,1.467
2021-12-27,1.4667
2021-12-28,1.4692
2021-12-29,1.4643
2021-12-30,1.463
2021-12-31,1.4613
2022-01-03,1.4733
2022-01-04,1.4685
2022-01-05,1.4706
2022-01-06,1.4815
2022-01-07,1.4753
2022-01-10,1.4782
2022-01-11,1.473
2022-01-12,1.46
2022-01-13,1.4567
2022-01-14,1.4681
2022-01-17,1.471
2022-01-18,1.4764
2022-01-19,1.4735
2022-01-20,1.4791
2022-01-21,1.4887
2022-01-24,1.4919
2022-01-25,1.4952
2022-01-26,1.5025
2022-01-27,1.5184
2022-01-28,1.5274
2022-01-31,1.5201
2022-02-01,1.5057
2022-02-02,1.5072
2022-02-03,1.5004
2022-02-04,1.5111
2022-02-07,1.5067
2022-02-08,1.5036
2022-02-09,1.4964
2022-02-10,1.4976
2022-02-11,1.5048
2022-02-14,1.511
2022-02-15,1.5054
2022-02-16,1.4964
2022-02-17,1.4937
2022-02-18,1.4933
2022-02-21,1.492
2022-02-22,1.4847
2022-02-23,1.4761
2022-02-24,1.4933
2022-02-25,1.4817
2022-02-28,1.4754
2022-03-01,1.4797
2022-03-02,1.4728
2022-03-03,1.4703
2022-03-04,1.457
2022-03-07,1.4649
2022-03-08,1.4689
2022-03-09,1.4614
2022-03-10,1.4561
2022-03-11,1.4689
2022-03-14,1.4814
2022-03-15,1.4766
2022-03-16,1.4631
2022-03-17,1.4528
2022-03-18,1.4477
2022-03-21,1.4516
2022-03-22,1.4358
2022-03-23,1.4335
2022-03-24,1.4358
2022-03-25,1.4336
2022-03-28,1.4496
2022-03-29,1.4411
2022-03-30,1.4329
2022-03-31,1.4417
2022-04-01,1.444
2022-04-04,1.4386
2022-04-05,1.4395
2022-04-06,1.4446
2022-04-07,1.4502
2022-04-08,1.4602
2022-04-11,1.4634
2022-04-12,1.4587
2022-04-13,1.4703
2022-04-14,1.4734
2022-04-15,1.4781
2022-04-18,1.4854
2022-04-19,1.4847
2022-04-20,1.4686
2022-04-21,1.4844
2022-04-22,1.5066
2022-04-25,1.5096
2022-04-26,1.5234
2022-04-27,1.5279
2022-04-28,1.5402
2022-04-29,1.5481
2022-05-02,1.5542
2022-05-03,1.5534
2022-05-04,1.5277
2022-05-05,1.5556
2022-05-06,1.5604
2022-05-09,1.5809
2022-05-10,1.5886
2022-05-11,1.588
2022-05-12,1.6045
2022-05-13,1.5907
2022-05-16,1.5842
2022-05-17,1.5713
2022-05-18,1.5874
2022-05-19,1.5658
2022-05-20,1.56
2022-05-23,1.5459
2022-05-24,1.5476
2022-05-25,1.5435
2022-05-26,1.5425
2022-05-27,1.5295
2022-05-30,1.5245
2022-05-31,1.5351
2022-06-01,1.5417
2022-06-02,1.5244
2022-06-03,1.5354
2022-06-06,1.5399
2022-06-07,1.5403
2022-06-08,1.5507
2022-06-09,1.5652
2022-06-10,1.5728
2022-06-13,1.596
2022-06-14,1.608
2022-06-15,1.5905
2022-06-16,1.571
2022-06-17,1.5834
2022-06-20,1.5786
2022-06-21,1.5785
2022-06-22,1.5901
2022-06-23,1.592
2022-06-24,1.5825
2022-06-27,1.5862
2022-06-28,1.6029
2022-06-29,1.6069
2022-06-30,1.6014
2022-07-01,1.6102
2022-07-04,1.6097
2022-07-05,1.6204
2022-07-06,1.6258
2022-07-07,1.6187
2022-07-08,1.6141
2022-07-11,1.6361
2022-07-12,1.6314
2022-07-13,1.6307
2022-07-14,1.6324
2022-07-15,1.6228
2022-07-18,1.6243
2022-07-19,1.6057
2022-07-20,1.6046
2022-07-21,1.5988
2022-07-22,1.5985
2022-07-25,1.5967
2022-07-26,1.604
2022-07-27,1.5961
2022-07-28,1.5895
2022-07-29,1.5892
2022-08-01,1.5784
2022-08-02,1.5991
2022-08-03,1.5935
2022-08-04,1.5873
2022-08-05,1.6024
2022-08-08,1.5902
2022-08-09,1.59
2022-08-10,1.5617
2022-08-11,1.5549
2022-08-12,1.5488
2022-08-15,1.5705
2022-08-16,1.5755
2022-08-17,1.5921
2022-08-18,1.5977
2022-08-19,1.6197
2022-08-22,1.6203
2022-08-23,1.6083
2022-08-24,1.6153
2022-08-25,1.606
2022-08-26,1.6295
2022-08-29,1.6245
2022-08-30,1.631
2022-08-31,1.6344
2022-09-01,1.6446
2022-09-02,1.6356
2022-09-05,1.641
2022-09-06,1.6549
2022-09-07,1.6454
2022-09-08,1.6512
2022-09-09,1.6377
2022-09-12,1.6294
2022-09-13,1.6663
2022-09-14,1.6646
2022-09-15,1.6757
2022-09-16,1.6684
2022-09-19,1.6774
2022-09-20,1.6957
2022-09-21,1.7082
2022-09-22,1.7106
2022-09-23,1.7403
2022-09-26,1.7737
2022-09-27,1.7739
2022-09-28,1.7455
2022-09-29,1.7451
2022-09-30,1.7865
2022-10-03,1.7476
2022-10-04,1.7455
2022-10-05,1.7411
2022-10-06,1.7652
2022-10-07,1.7833
2022-10-10,1.796
2022-10-11,1.7897
2022-10-12,1.781
2022-10-13,1.7734
2022-10-14,1.7963
2022-10-17,1.7716
2022-10-18,1.758
2022-10-19,1.7628
2022-10-20,1.7596
2022-10-21,1.7356
2022-10-24,1.7568
2022-10-25,1.738
2022-10-26,1.7147
2022-10-27,1.7152
2022-10-28,1.7192
2022-10-31,1.7204
2022-11-01,1.7098
2022-11-02,1.7164
2022-11-03,1.7314
2022-11-04,1.6856
2022-11-07,1.6828
2022-11-08,1.6777
2022-11-09,1.6989
2022-11-10,1.6588
2022-11-11,1.6336
2022-11-14,1.6401
2022-11-15,1.624
2022-11-16,1.6258
2022-11-17,1.6315
2022-11-18,1.6247
2022-11-21,1.6385
2022-11-22,1.6245
2022-11-23,1.6007
2022-11-24,1.5957
2022-11-25,1.599
2022-11-28,1.6216
2022-11-29,1.6115
2022-11-30,1.588
2022-12-01,1.5689
2022-12-02,1.5592
2022-12-05,1.5824
2022-12-06,1.5824
2022-12-07,1.5732
2022-12-08,1.5672
2022-12-09,1.559
2022-12-12,1.5661
2022-12-13,1.5463
2022-12-14,1.548
2022-12-15,1.5762
2022-12-16,1.5672
2022-12-19,1.5707
2022-12-20,1.5747
2022-12-21,1.5877
2022-12-22,1.5998
2022-12-23,1.5906
2022-12-26,1.5881
2022-12-27,1.5931
2022-12-28,1.5842
2022-12-29,1.5751
2022-12-30,1.5739
2023-01-02,1.5821
2023-01-03,1.5995
2023-01-04,1.5882
2023-01-05,1.6055
2023-01-06,1.5748
2023-01-09,1.5693
2023-01-10,1.5695
2023-01-11,1.5702
2023-01-12,1.5635
2023-01-13,1.5659
2023-01-16,1.5665
2023-01-17,1.5548
2023-01-18,1.5512
2023-01-19,1.5636
2023-01-20,1.5443
2023-01-23,1.5404
2023-01-24,1.5366
2023-01-25,1.5429
2023-01-26,1.5402
2023-01-27,1.5401
2023-01-30,1.5454
2023-01-31,1.5524
2023-02-01,1.5367
2023-02-02,1.5437
2023-02-03,1.5802
2023-02-06,1.5855
2023-02-07,1.5801
2023-02-08,1.5852
2023-02-09,1.5802
2023-02-10,1.5844
2023-02-13,1.5718
2023-02-14,1.578
2023-02-15,1.5912
2023-02-16,1.5978
2023-02-17,1.6013
2023-02-20,1.5988
2023-02-21,1.6089
2023-02-22,1.6073
2023-02-23,1.6053
2023-02-24,1.6215
2023-02-27,1.6206
2023-02-28,1.6164
2023-03-01,1.5973
2023-03-02,1.6074
2023-03-03,1.6066
2023-03-06,1.6132
2023-03-07,1.637
2023-03-08,1.6371
2023-03-09,1.6388
2023-03-10,1.6296
2023-03-13,1.6073
2023-03-14,1.6036
2023-03-15,1.6219
2023-03-16,1.6144
2023-03-17,1.5947
2023-03-20,1.5997
2023-03-21,1.6138
2023-03-22,1.6076
2023-03-23,1.5986
2023-03-24,1.6116
2023-03-27,1.6132
2023-03-28,1.5991
2023-03-29,1.6057
2023-03-30,1.5962
2023-03-31,1.5972
2023-04-03,1.5885
2023-04-04,1.584
2023-04-05,1.5825
2023-04-06,1.6008
2023-04-07,1.5976
2023-04-10,1.6068
2023-04-11,1.6141
2023-04-12,1.6083
2023-04-13,1.5874
2023-04-14,1.6107
2023-04-17,1.6167
2023-04-18,1.6101
2023-04-19,1.6122
2023-04-20,1.6184
2023-04-21,1.6286
2023-04-24,1.6216
2023-04-25,1.6283
2023-04-26,1.6342
2023-04-27,1.6265
2023-04-28,1.6162
2023-05-01,1.6208
2023-05-02,1.6105
2023-05-03,1.605
2023-05-04,1.5922
2023-05-05,1.5881
2023-05-08,1.5757
2023-05-09,1.5781
2023-05-10,1.5703
2023-05-11,1.5867
2023-05-12,1.6147
2023-05-15,1.6022
2023-05-16,1.6046
2023-05-17,1.6005
2023-05-18,1.6053
2023-05-19,1.593
2023-05-22,1.5901
2023-05-23,1.6
2023-05-24,1.6362
2023-05-25,1.6486
2023-05-26,1.6524
2023-05-29,1.6511
2023-05-30,1.6539
2023-05-31,1.6613
2023-06-01,1.6472
2023-06-02,1.6499
2023-06-05,1.6464
2023-06-06,1.645
2023-06-07,1.6553
2023-06-08,1.6406
2023-06-09,1.6303
2023-06-12,1.633
2023-06-13,1.6258
2023-06-14,1.6115
2023-06-15,1.6032
2023-06-16,1.6033
2023-06-19,1.6126
2023-06-20,1.621
2023-06-21,1.6115
2023-06-22,1.6177
2023-06-23,1.6276
2023-06-26,1.6225
2023-06-27,1.6215
2023-06-28,1.6451
2023-06-29,1.6474
2023-06-30,1.6287
2023-07-03,1.6249
2023-07-04,1.6145
2023-07-05,1.618
2023-07-06,1.6234
2023-07-07,1.6095
2023-07-10,1.6093
2023-07-11,1.6136
2023-07-12,1.589
2023-07-13,1.5645
2023-07-14,1.5694
2023-07-17,1.5808
2023-07-18,1.5928
2023-07-19,1.5966
2023-07-20,1.604
2023-07-21,1.6209
2023-07-24,1.6108
2023-07-25,1.6062
2023-07-26,1.6098
2023-07-27,1.6166
2023-07-28,1.624
2023-07-31,1.6105
2023-08-01,1.6236
2023-08-02,1.6444
2023-08-03,1.6444
2023-08-04,1.6393
2023-08-07,1.6382
2023-08-08,1.6486
2023-08-09,1.6515
2023-08-10,1.6598
2023-08-11,1.6706
2023-08-14,1.6735
2023-08-15,1.6791
2023-08-16,1.6834
2023-08-17,1.6874
2023-08-18,1.6881
2023-08-21,1.6865
2023-08-22,1.6807
2023-08-23,1.6728
2023-08-24,1.6868
2023-08-25,1.6928
2023-08-28,1.6919
2023-08-29,1.6745
2023-08-30,1.6804
2023-08-31,1.6757
2023-09-01,1.6825
2023-09-04,1.683
2023-09-05,1.6995
2023-09-06,1.703
2023-09-07,1.7013
2023-09-08,1.6992
2023-09-11,1.6885
2023-09-12,1.6935
2023-09-13,1.6894
2023-09-14,1.6907
2023-09-15,1.6948
2023-09-18,1.69
2023-09-19,1.684
2023-09-20,1.685
2023-09-21,1.6853
2023-09-22,1.6769
2023-09-25,1.6756
2023-09-26,1.6814
2023-09-27,1.688
2023-09-28,1.6766
2023-09-29,1.667
2023-10-02,1.6805
2023-10-03,1.6914
2023-10-04,1.6913
2023-10-05,1.6762
2023-10-06,1.6689
2023-10-09,1.6606
2023-10-10,1.654
2023-10-11,1.6603
2023-10-12,1.6863
2023-10-13,1.6986
2023-10-16,1.6921
2023-10-17,1.6954
2023-10-18,1.7067
2023-10-19,1.7103
2023-10-20,1.7157
2023-10-23,1.71
2023-10-24,1.71
2023-10-25,1.7232
2023-10-26,1.7178
2023-10-27,1.7207
2023-10-30,1.7111
2023-10-31,1.7226
2023-11-01,1.7094
2023-11-02,1.6947
2023-11-03,1.6667
2023-11-06,1.6763
2023-11-07,1.6843
2023-11-08,1.6912
2023-11-09,1.6963
2023-11-10,1.6972
2023-11-13,1.7011
2023-11-14,1.6638
2023-11-15,1.6598
2023-11-16,1.6744
2023-11-17,1.6689
2023-11-20,1.656
2023-11-21,1.6526
2023-11-22,1.6601
2023-11-23,1.6525
2023-11-24,1.644
2023-11-27,1.6393
2023-11-28,1.6288
2023-11-29,1.624
2023-11-30,1.6244
2023-12-01,1.6098
2023-12-04,1.6217
2023-12-05,1.6311
2023-12-06,1.6286
2023-12-07,1.6203
2023-12-08,1.6329
2023-12-11,1.6326
2023-12-12,1.6299
2023-12-13,1.6192
2023-12-14,1.611
2023-12-15,1.6102
2023-12-18,1.6092
2023-12-19,1.5938
2023-12-20,1.6001
2023-12-21,1.5882
2023-12-22,1.5878
2023-12-25,1.5853
2023-12-26,1.58
2023-12-27,1.5765
2023-12-28,1.5788
2023-12-29,1.5821
2024-01-01,1.5795
2024-01-02,1.5993
2024-01-03,1.6004
2024-01-04,1.6032
2024-01-05,1.601
2024-01-08,1.5994
2024-01-09,1.6022
2024-01-10,1.6053
2024-01-11,1.6037
2024-01-12,1.6018
2024-01-15,1.6121
2024-01-16,1.6286
2024-01-17,1.6343
2024-01-18,1.6345
2024-01-19,1.6346
2024-01-22,1.645
2024-01-23,1.6381
2024-01-24,1.6357
2024-01-25,1.6359
2024-01-26,1.6409
2024-01-29,1.6302
2024-01-30,1.6292
2024-01-31,1.6344
2024-02-01,1.6271
2024-02-02,1.6485
2024-02-05,1.6511
2024-02-06,1.6396
2024-02-07,1.6354
2024-02-08,1.6397
2024-02-09,1.6255
2024-02-12,1.6307
2024-02-13,1.6495
2024-02-14,1.6427
2024-02-15,1.6373
2024-02-16,1.6324
2024-02-19,1.6255
2024-02-20,1.6217
2024-02-21,1.6176
2024-02-22,1.61413
2024-02-23,1.6131
2024-02-25,1.61632
2024-02-26,1.62151
2024-02-27,1.62067
2024-02-28,1.64012
2024-02-29,1.64317
2024-03-01,1.6369
2024-03-03,1.63832
2024-03-04,1.64026
2024-03-05,1.64263
2024-03-06,1.63188
2024-03-07,1.61844
2024-03-08,1.6185
2024-03-10,1.61828
2024-03-11,1.62054
2024-03-12,1.62612
2024-03-13,1.62206
2024-03-14,1.63271
2024-03-15,1.6437
2024-03-17,1.64285
2024-03-18,1.64401
2024-03-19,1.65317
2024-03-20,1.64214
2024-03-21,1.65388
2024-03-22,1.6681
2024-03-24,1.66939
2024-03-25,1.66622
2024-03-26,1.66456
2024-03-27,1.66875
2024-03-28,1.67372
2024-03-29,1.672
2024-03-31,1.6704
2024-04-01,1.67999
2024-04-02,1.67521
2024-04-03,1.66259
2024-04-04,1.65898
2024-04-05,1.6626
2024-04-07,1.66542
2024-04-08,1.65717
2024-04-09,1.64801
2024-04-10,1.67375
2024-04-11,1.66633
2024-04-12,1.684
2024-04-14,1.68192
2024-04-15,1.69411
2024-04-16,1.69719
2024-04-17,1.69119
2024-04-18,1.69391
2024-04-19,1.6971
2024-04-21,1.69483
2024-04-22,1.68885
2024-04-23,1.68438
2024-04-24,1.68466
2024-04-25,1.6783
2024-04-26,1.6831
2024-04-28,1.68132
2024-04-29,1.67459
2024-04-30,1.70082
2024-05-01,1.68631
2024-05-02,1.67676
2024-05-03,1.6633
2024-05-05,1.66456
2024-05-06,1.66403
2024-05-07,1.66745
2024-05-08,1.6655
2024-05-09,1.65667
2024-05-10,1.6608
2024-05-12,1.66154
2024-05-13,1.66019
2024-05-14,1.65473
2024-05-15,1.63116
2024-05-16,1.63287
2024-05-17,1.6296
2024-05-19,1.62954
2024-05-20,1.63717
2024-05-21,1.64101
2024-05-22,1.63932
2024-05-23,1.64007
2024-05-24,1.6331
2024-05-26,1.63353
2024-05-27,1.62541
2024-05-28,1.62848
2024-05-29,1.6357
2024-05-30,1.63492
2024-05-31,1.6272
2024-06-02,1.62639
2024-06-03,1.61457
2024-06-04,1.61951
2024-06-05,1.61387
2024-06-06,1.61368
2024-06-07,1.6382
2024-06-09,1.63768
2024-06-10,1.63177
2024-06-11,1.62707
2024-06-12,1.61634
2024-06-13,1.62311
2024-06-14,1.6275
2024-06-16,1.62935
2024-06-17,1.62919
2024-06-18,1.62851
2024-06-19,1.62882
2024-06-20,1.63324
2024-06-21,1.6338
2024-06-23,1.63634
2024-06-24,1.63385
2024-06-25,1.63423
2024-06-26,1.64466
2024-06-27,1.64347
2024-06-28,1.6412
2024-06-30,1.63956
2024-07-01,1.64886
2024-07-02,1.64414
2024-07-03,1.63741
2024-07-04,1.63575
2024-07-05,1.6267
2024-07-07,1.62837
2024-07-08,1.631
2024-07-09,1.63209
2024-07-10,1.64258
2024-07-11,1.6408
2024-07-12,1.6338
2024-07-13,1.6338
2024-07-14,1.64055
2024-07-15,1.6456
2024-07-16,1.64769
2024-07-17,1.64457
2024-07-18,1.65459
2024-07-19,1.6635
2024-07-20,1.6635
2024-07-21,1.65997
2024-07-22,1.67266
2024-07-23,1.67985
2024-07-24,1.68711
2024-07-25,1.69785
2024-07-26,1.6979
2024-07-28,1.69808
2024-07-29,1.70146
2024-07-30,1.69434
2024-07-31,1.68016
2024-08-01,1.68458
2024-08-02,1.6781
2024-08-04,1.68152
2024-08-05,1.68053
2024-08-06,1.67389
2024-08-07,1.67054
2024-08-08,1.66472
2024-08-09,1.6666
2024-08-10,1.6666
2024-08-11,1.66808
2024-08-12,1.66019
2024-08-13,1.64495
2024-08-14,1.66647
2024-08-15,1.67199
2024-08-16,1.6512
2024-08-17,1.6512
2024-08-18,1.65085
2024-08-19,1.6346
2024-08-20,1.62406
2024-08-21,1.62272
2024-08-22,1.62771
2024-08-23,1.6039
2024-08-24,1.6039
2024-08-25,1.60666
2024-08-26,1.61147
2024-08-27,1.60151
2024-08-28,1.60064
2024-08-29,1.5966
2024-08-30,1.5996
2024-08-31,1.5996
2024-09-01,1.6
2024-09-02,1.60501
2024-09-03,1.61619
2024-09-04,1.61637
2024-09-05,1.60658
2024-09-06,1.6191
2024-09-08,1.6204
2024-09-09,1.62805
2024-09-10,1.62599
2024-09-11,1.63074
2024-09-12,1.61629
2024-09-13,1.6238
2024-09-14,1.6238
2024-09-15,1.6223
2024-09-16,1.61392
2024-09-17,1.61447
2024-09-18,1.61059
2024-09-19,1.60333
2024-09-20,1.6027
2024-09-21,1.6027
2024-09-22,1.60354
2024-09-23,1.59561
2024-09-24,1.57426
2024-09-25,1.59816
2024-09-26,1.57948
2024-09-27,1.5767
2024-09-28,1.5767
2024-09-29,1.57485
2024-09-30,1.57597
2024-10-01,1.5916
2024-10-02,1.59714
2024-10-03,1.60842
2024-10-04,1.6233
2024-10-05,1.6233
2024-10-06,1.62317
2024-10-07,1.63172
2024-10-08,1.63095
2024-10-09,1.6472
2024-10-10,1.6403
2024-10-11,1.6358
2024-10-12,1.6363
2024-10-13,1.64158
2024-10-14,1.64214
2024-10-15,1.65117
2024-10-16,1.65052
2024-10-17,1.6499
2024-10-18,1.6467
2024-10-19,1.6467
2024-10-20,1.64563
2024-10-21,1.658
2024-10-22,1.6538
2024-10-23,1.66495
2024-10-24,1.66434
2024-10-25,1.6724
2024-10-26,1.6724
2024-10-27,1.67252
2024-10-28,1.67048
2024-10-29,1.67471
2024-10-30,1.6732
2024-10-31,1.6725
2024-11-01,1.6764
2024-11-02,1.6764
2024-11-03,1.67017
2024-11-04,1.6737
2024-11-05,1.6643
2024-11-06,1.68384
2024-11-07,1.6605
2024-11-08,1.6751
2024-11-10,1.67608
2024-11-11,1.67529
2024-11-12,1.68825
2024-11-13,1.69984
2024-11-14,1.70946
2024-11-15,1.7043
2024-11-16,1.7045
2024-11-17,1.70555
2024-11-18,1.69759
2024-11-19,1.6893
2024-11-20,1.69952
2024-11-21,1.70724
2024-11-22,1.7132
2024-11-23,1.7131
2024-11-24,1.70587
2024-11-25,1.7102
2024-11-26,1.7135
2024-11-27,1.6959
2024-11-28,1.6977
2024-11-29,1.687
2024-12-01,1.69305
2024-12-02,1.6977
2024-12-03,1.6999
2024-12-04,1.7088
2024-12-05,1.6984
2024-12-06,1.7145
2024-12-07,1.7148
2024-12-08,1.71268
2024-12-09,1.7046
2024-12-10,1.7237
2024-12-11,1.7284
2024-12-12,1.733
2024-12-13,1.735
2024-12-15,1.73289
2024-12-16,1.729
2024-12-17,1.7375
2024-12-18,1.7781
2024-12-19,1.7755
2024-12-20,1.7676
2024-12-22,1.76941
2024-12-23,1.7699
2024-12-24,1.7682
2024-12-25,1.7686
2024-12-26,1.7776
2024-12-27,1.775
2024-12-28,1.7749
2024-12-29,1.77324
2024-12-30,1.7727
2024-12-31,1.7871
2025-01-01,1.7874
2025-01-02,1.7869
2025-01-03,1.7805
2025-01-04,1.7809
2025-01-05,1.7806
2025-01-06,1.7716
2025-01-07,1.7743
2025-01-08,1.7823
2025-01-09,1.7854
2025-01-10,1.7998
2025-01-11,1.7992
2025-01-12,1.79701
2025-01-13,1.7903
2025-01-14,1.7839
2025-01-15,1.7801
2025-01-16,1.7828
2025-01-17,1.7906
2025-01-19,1.78977
2025-01-20,1.7628
2025-01-21,1.768
2025-01-22,1.7646
2025-01-23,1.7617
2025-01-24,1.7511
2025-01-26,1.75676
2025-01-27,1.7559
2025-01-28,1.7641
2025-01-29,1.7668
2025-01-30,1.7742
2025-01-31,1.7735
2025-02-01,1.7737
2025-02-02,1.79546
2025-02-03,1.7762
2025-02-04,1.7688
2025-02-05,1.7578
2025-02-06,1.7617
2025-02-07,1.7665
2025-02-08,1.7661
2025-02-09,1.77073
2025-02-10,1.7722
2025-02-11,1.7681
2025-02-12,1.772
2025-02-13,1.7607
2025-02-14,1.7448
2025-02-15,1.7449
2025-02-16,1.74429
2025-02-17,1.7428
2025-02-18,1.7526
2025-02-19,1.7524
2025-02-20,1.735
2025-02-21,1.7408
2025-02-23,1.73877
2025-02-24,1.7437
2025-02-25,1.7461
2025-02-26,1.7552
2025-02-27,1.7752
2025-02-28,1.7856
2025-03-02,1.78406
2025-03-03,1.7799
2025-03-04,1.7646
2025-03-05,1.7457
2025-03-06,1.7431
2025-03-07,1.751
2025-03-09,1.75113
2025-03-10,1.7539
2025-03-11,1.7501
2025-03-12,1.7444
2025-03-13,1.7543
2025-03-14,1.7397
2025-03-16,1.74064
2025-03-17,1.71945
2025-03-18,1.71987
2025-03-19,1.71886
2025-03-20,1.73816
2025-03-21,1.7449
2025-03-22,1.7449
2025-03-23,1.74398
2025-03-24,1.74673
2025-03-25,1.74462
2025-03-26,1.74709
2025-03-27,1.74362
2025-03-28,1.75039
2025-03-29,1.75039
2025-03-30,1.75313
2025-03-31,1.76125
2025-04-01,1.75451
2025-04-02,1.74969
2025-04-03,1.72792
2025-04-04,1.78731
2025-04-05,1.78731
2025-04-06,1.79408
2025-04-07,1.80427
2025-04-08,1.80914
2025-04-09,1.77229
2025-04-10,1.74344
2025-04-11,1.71703
2025-04-12,1.71703
2025-04-13,1.71494
2025-04-14,1.70433
2025-04-15,1.69782
2025-04-16,1.68583
2025-04-17,1.67726
2025-04-18,1.68413
2025-04-20,1.68671
2025-04-21,1.66884
2025-04-22,1.67799
2025-04-23,1.68214
2025-04-24,1.66948
2025-04-25,1.67813
2025-04-26,1.67813
2025-04-27,1.67757
2025-04-28,1.67333
2025-04-29,1.68677
2025-04-30,1.68532
2025-05-01,1.69362
2025-05-02,1.68257
2025-05-04,1.68299
2025-05-05,1.67673
2025-05-06,1.66522
2025-05-07,1.6839
2025-05-08,1.69483
2025-05-09,1.69319
2025-05-10,1.69319
2025-05-11,1.68976
2025-05-12,1.70765
2025-05-13,1.68529
2025-05-14,1.69575
2025-05-15,1.703
2025-05-16,1.70039
2025-05-17,1.70039
2025-05-18,1.70222
2025-05-19,1.68762
2025-05-20,1.68919
2025-05-21,1.68512
2025-05-22,1.69655
2025-05-23,1.67107
2025-05-25,1.67137
2025-05-26,1.66867
2025-05-27,1.68163
2025-05-28,1.67636
2025-05-29,1.67541
2025-05-30,1.67842
2025-05-31,1.67842
2025-06-01,1.6756
2025-06-02,1.65802
2025-06-03,1.66778
2025-06-04,1.66047
2025-06-05,1.65788
2025-06-06,1.66279
2025-06-07,1.66279
2025-06-08,1.66113
2025-06-09,1.65453
2025-06-10,1.65235
2025-06-11,1.6592
2025-06-12,1.64772
2025-06-13,1.66445
2025-06-14,1.66445
2025-06-15,1.66417
2025-06-16,1.64989
2025-06-17,1.66306
2025-06-18,1.6592
2025-06-19,1.66917
2025-06-20,1.67785
2025-06-21,1.67785
2025-06-22,1.68373
2025-06-23,1.67336
2025-06-24,1.665
2025-06-25,1.65618
2025-06-26,1.65098
2025-06-27,1.65125
2025-06-28,1.65125
2025-06-29,1.65153
2025-06-30,1.64069
2025-07-01,1.64015
2025-07-02,1.64231
2025-07-03,1.64745
2025-07-04,1.64989
2025-07-05,1.64989
2025-07-06,1.65098
2025-07-07,1.66833
2025-07-08,1.66722
2025-07-09,1.66694
2025-07-10,1.657
2025-07-11,1.66417
2025-07-14,1.67448
2025-07-15,1.68209
2025-07-16,1.6818
2025-07-17,1.68606
2025-07-18,1.67729
2025-07-21,1.6756
2025-07-22,1.66667
2025-07-23,1.65426
2025-07-24,1.6592
2025-07-25,1.66279
2025-07-28,1.67532
2025-07-29,1.67926
2025-07-30,1.69722
2025-07-31,1.69751
2025-08-01,1.69033
2025-08-04,1.69291
2025-08-05,1.69463
2025-08-06,1.68691
2025-08-07,1.67813
2025-08-08,1.6787
2025-08-11,1.68435
2025-08-12,1.67926
2025-08-13,1.67392
2025-08-14,1.69033
2025-08-15,1.68948
2025-08-18,1.68862
2025-08-19,1.69722
2025-08-20,1.71762
2025-08-21,1.7194
2025-08-22,1.70445
2025-08-25,1.71057
2025-08-26,1.70678
2025-08-27,1.70707
2025-08-28,1.69952
2025-08-29,1.7001
2025-09-01,1.69434
2025-09-02,1.70503
2025-09-03,1.70155
2025-09-04,1.71086
2025-09-05,1.69693
2025-09-08,1.68379
2025-09-09,1.68776
2025-09-10,1.68379